{"budget_shop": 10.600000000000001, "budget_client": 4.3999999999999995, "products": {}}